file,rate,ch,sec,kb,integrated_lufs,max_momentary_lufs,true_peak_dbtp,lra
ambience/amb_camp.ogg,44100,2,45.00,737.1,-24.2,-22.7,-2.2,2.9
ambience/amb_creek.ogg,44100,2,55.00,920.8,-24.2,-23.2,-5.1,0.3
ambience/amb_danger.ogg,44100,2,55.00,754.4,-24.1,-22.3,-12.2,1.6
ambience/amb_forest_day.ogg,44100,2,60.00,1026.1,-24.3,-19.9,-3.1,3.2
ambience/amb_forest_night.ogg,44100,2,60.00,1022.3,-24.3,-23.6,-11.9,0.4
ambience/amb_healer.ogg,44100,2,45.00,699.1,-24.1,-17.7,-4.1,6.7
ambience/amb_meadow_day.ogg,44100,2,55.00,819.3,-24.2,-19.9,-10.0,5.8
ambience/amb_rain.ogg,44100,2,41.00,615.0,-24.1,-22.9,-9.9,0.9
ambience/amb_smithy.ogg,44100,2,30.00,618.5,-27.5,-23.5,-2.8,3.7
ambience/amb_storm.ogg,44100,2,36.00,520.2,-24.0,-17.3,-5.0,15.3
ambience/amb_tavern.ogg,44100,2,50.00,821.2,-24.1,-17.2,-4.4,4.3
ambience/amb_village_day.ogg,44100,2,60.00,885.7,-24.3,-20.3,-9.3,4.6
ambience/amb_village_night.ogg,44100,2,60.00,1080.2,-24.4,-21.4,-12.6,1.5
ambience/amb_wind.ogg,44100,2,55.00,818.6,-24.2,-20.4,-4.6,6.5
ambience/spots/bellows.ogg,44100,1,2.12,19.2,-20.9,-18.1,-4.6,0.0
ambience/spots/bird_blackbird.ogg,44100,1,2.11,17.7,-23.0,-20.1,-13.1,0.0
ambience/spots/church_bell.ogg,44100,1,17.47,162.4,-27.3,-20.1,-8.5,15.7
ambience/spots/dog_distant_01.ogg,32000,1,0.83,8.0,-23.4,-20.0,-3.7,0.0
ambience/spots/dog_distant_02.ogg,32000,1,0.79,8.1,-23.4,-20.0,-7.0,0.0
ambience/spots/dog_distant_03.ogg,32000,1,0.36,5.9,-23.7,-20.0,-4.8,0.0
ambience/spots/growl_distant.ogg,44100,1,8.34,44.3,-23.7,-20.0,-8.4,1.3
ambience/spots/hammer_distant_01.ogg,44100,1,1.05,9.8,-23.8,-20.0,-10.2,0.0
ambience/spots/hammer_distant_02.ogg,44100,1,1.07,10.9,-23.9,-20.0,-5.9,0.0
ambience/spots/hammer_distant_03.ogg,44100,1,0.95,9.7,-25.1,-20.1,-4.7,0.0
ambience/spots/mug_knock_01.ogg,44100,1,0.73,10.0,-22.8,-20.3,-4.0,0.0
ambience/spots/mug_knock_02.ogg,44100,1,0.64,9.6,-23.3,-20.5,-5.1,0.0
ambience/spots/owl_01.ogg,44100,1,6.30,37.9,-23.7,-20.0,-12.2,12.0
ambience/spots/owl_02.ogg,44100,1,6.34,36.5,-24.6,-20.0,-13.9,15.3
ambience/spots/owl_03.ogg,44100,1,8.97,76.1,-25.4,-20.1,-10.7,14.5
ambience/spots/page_turn_01.ogg,44100,1,1.60,18.3,-23.5,-20.3,-3.3,0.0
ambience/spots/page_turn_02.ogg,44100,1,1.18,14.8,-26.8,-23.4,-3.3,0.0
ambience/spots/page_turn_03.ogg,44100,1,1.08,13.9,-28.7,-27.6,-3.8,0.0
ambience/spots/page_turn_04.ogg,44100,1,0.45,7.1,-30.5,-28.9,-3.9,0.0
ambience/spots/rope_creak.ogg,44100,1,3.50,48.6,-30.2,-26.3,-4.1,0.6
ambience/spots/thunder.ogg,44100,1,20.84,138.9,-21.6,-17.0,-3.2,26.2
ambience/spots/well_bucket_01.ogg,44100,1,1.06,12.6,-29.2,-22.7,-3.4,0.0
ambience/spots/well_bucket_02.ogg,44100,1,0.92,11.2,-29.2,-22.6,-3.3,0.0
ambience/spots/well_bucket_03.ogg,44100,1,0.89,11.2,-25.4,-21.6,-3.8,0.0
ambience/spots/wolf_howl_distant.ogg,44100,1,2.41,17.3,-22.4,-19.9,-10.3,20.0
music/mus_combat.ogg,44100,2,95.85,1460.6,-18.0,-14.9,-8.0,3.4
music/mus_combat_stinger.ogg,44100,2,7.00,77.1,-18.2,-11.6,-2.0,3.8
music/mus_explore.ogg,44100,2,57.73,728.1,-18.1,-13.9,-6.1,5.6
music/mus_explore_02.ogg,44100,2,80.75,1022.6,-18.0,-12.8,-3.7,3.1
music/mus_explore_03.ogg,44100,2,146.38,2161.7,-18.5,-14.0,-1.2,4.7
music/mus_night.ogg,44100,2,161.52,3396.1,-18.1,-16.0,-5.3,1.7
music/mus_tavern.ogg,44100,2,49.95,646.1,-18.1,-14.6,-2.9,3.3
music/mus_village_day.ogg,44100,2,64.86,877.4,-18.1,-16.1,-8.7,1.1
music/mus_village_day_02.ogg,44100,2,56.31,704.2,-18.0,-15.1,-6.0,1.8
sfx/animals/chicken_01.ogg,32000,1,3.14,24.9,-25.3,-22.4,-3.5,1.9
sfx/animals/chicken_cluck_01.ogg,32000,1,1.01,12.1,-18.8,-17.1,-3.6,0.0
sfx/animals/chicken_cluck_02.ogg,32000,1,0.81,10.5,-18.8,-17.0,-3.1,0.0
sfx/animals/chicken_cluck_03.ogg,32000,1,0.82,10.7,-18.2,-17.0,-6.2,0.0
sfx/animals/chicken_scared.ogg,32000,1,5.87,48.9,-23.9,-17.2,-6.7,4.9
sfx/animals/cow_01.ogg,32000,1,2.16,21.4,-19.8,-17.0,-7.5,0.0
sfx/animals/cow_02.ogg,32000,1,2.28,21.2,-19.7,-17.0,-8.5,0.0
sfx/animals/cow_far_01.ogg,32000,1,1.66,17.6,-19.7,-16.9,-6.9,0.0
sfx/animals/cow_far_02.ogg,32000,1,1.84,17.8,-19.3,-16.9,-8.7,0.0
sfx/animals/dog_bark_01.ogg,32000,1,0.31,5.8,-20.7,-19.4,-3.4,0.0
sfx/animals/dog_bark_02.ogg,32000,1,0.31,5.8,-22.1,-20.0,-3.4,0.0
sfx/animals/dog_bark_03.ogg,32000,1,0.31,5.9,-21.7,-19.9,-3.4,0.0
sfx/animals/donkey.ogg,32000,1,6.38,52.9,-23.7,-17.1,-4.9,3.7
sfx/animals/goat.ogg,32000,1,1.23,14.3,-19.9,-16.9,-10.7,0.0
sfx/animals/horse_neigh_01.ogg,32000,1,1.64,17.2,-19.8,-17.1,-5.3,0.0
sfx/animals/horse_neigh_02.ogg,32000,1,1.33,14.6,-20.1,-17.1,-8.1,0.0
sfx/animals/horse_snort.ogg,32000,1,0.66,8.7,-21.8,-20.2,-8.3,0.0
sfx/animals/pig_01.ogg,32000,1,3.42,32.8,-21.9,-19.0,-2.9,1.4
sfx/animals/pig_02.ogg,32000,1,3.14,28.2,-25.4,-21.3,-3.3,0.5
sfx/animals/rooster_01.ogg,32000,1,6.01,49.7,-18.7,-17.1,-7.5,7.5
sfx/animals/rooster_02.ogg,32000,1,2.32,21.0,-19.9,-17.0,-8.3,0.0
sfx/animals/sheep_01.ogg,32000,1,0.76,9.6,-19.2,-17.1,-4.8,0.0
sfx/animals/sheep_02.ogg,32000,1,0.81,10.0,-19.1,-17.0,-5.5,0.0
sfx/animals/sheep_03.ogg,32000,1,0.83,10.4,-19.0,-17.1,-6.4,0.0
sfx/combat/arrow_hit_01.ogg,44100,1,0.13,4.1,-28.1,-28.1,-3.6,0.0
sfx/combat/arrow_hit_02.ogg,44100,1,0.13,4.2,-28.4,-28.4,-3.4,0.0
sfx/combat/block_01.ogg,44100,1,0.85,11.0,-21.7,-17.2,-2.5,0.0
sfx/combat/block_02.ogg,44100,1,0.57,9.0,-20.9,-18.2,-3.4,0.0
sfx/combat/block_03.ogg,44100,1,0.35,6.8,-19.7,-19.7,-2.1,0.0
sfx/combat/block_04.ogg,44100,1,0.78,10.7,-25.0,-22.1,-2.3,0.0
sfx/combat/block_05.ogg,44100,1,0.79,10.8,-25.2,-21.1,-3.1,0.0
sfx/combat/bow_shot_01.ogg,44100,1,0.33,6.5,-24.3,-24.3,-3.5,0.0
sfx/combat/bow_shot_02.ogg,44100,1,0.30,6.4,-25.1,-25.1,-3.3,0.0
sfx/combat/dodge_01.ogg,44100,1,0.08,4.5,-24.5,-24.5,-3.4,0.0
sfx/combat/dodge_02.ogg,44100,1,0.12,4.7,-23.0,-23.0,-3.3,0.0
sfx/combat/dodge_03.ogg,44100,1,0.16,5.0,-22.4,-22.3,-3.3,0.0
sfx/combat/hit_flesh_01.ogg,44100,1,0.59,7.9,-22.2,-20.3,-3.6,0.0
sfx/combat/hit_flesh_02.ogg,44100,1,0.98,12.5,-16.0,-14.6,-3.5,0.0
sfx/combat/hit_flesh_03.ogg,44100,1,0.47,7.0,-23.3,-20.7,-3.4,0.0
sfx/combat/hit_flesh_04.ogg,44100,1,0.35,5.8,-23.3,-20.5,-3.3,0.0
sfx/combat/hit_flesh_05.ogg,44100,1,0.61,8.6,-23.7,-22.9,-3.4,0.0
sfx/combat/hit_metal_01.ogg,44100,1,0.16,4.4,-29.5,-29.5,-3.4,0.0
sfx/combat/hit_metal_02.ogg,44100,1,0.36,4.9,-28.8,-28.8,-3.4,0.0
sfx/combat/hit_metal_03.ogg,44100,1,0.11,4.2,-28.7,-28.7,-3.1,0.0
sfx/combat/hit_wood_01.ogg,44100,1,0.31,4.2,-26.3,-26.3,-3.4,0.0
sfx/combat/hit_wood_02.ogg,44100,1,0.31,4.2,-26.2,-26.2,-3.4,0.0
sfx/combat/hit_wood_03.ogg,44100,1,0.31,4.2,-26.1,-26.1,-3.4,0.0
sfx/combat/player_attack_grunt_01.ogg,44100,1,0.30,6.3,-19.5,-19.5,-3.5,0.0
sfx/combat/player_attack_grunt_02.ogg,44100,1,0.28,6.0,-21.4,-19.0,-3.0,0.0
sfx/combat/player_attack_grunt_03.ogg,44100,1,0.43,7.5,-21.6,-20.3,-3.6,0.0
sfx/combat/player_death.ogg,44100,1,2.33,24.0,-21.2,-16.0,-5.0,0.0
sfx/combat/player_hurt_01.ogg,44100,1,0.52,8.6,-22.0,-18.4,-3.7,0.0
sfx/combat/player_hurt_02.ogg,44100,1,0.32,6.5,-22.4,-20.2,-3.3,0.0
sfx/combat/player_hurt_03.ogg,44100,1,0.35,7.0,-22.4,-20.3,-3.5,0.0
sfx/combat/swing_01.ogg,44100,1,0.50,7.9,-21.8,-21.8,-3.5,0.0
sfx/combat/swing_02.ogg,44100,1,0.24,5.7,-22.6,-22.6,-3.5,0.0
sfx/combat/swing_03.ogg,44100,1,0.29,6.1,-24.0,-21.8,-3.6,0.0
sfx/combat/swing_04.ogg,44100,1,0.46,7.5,-22.3,-20.8,-3.2,0.0
sfx/combat/swing_heavy_01.ogg,44100,1,0.88,11.9,-17.6,-17.0,-3.4,0.0
sfx/combat/swing_heavy_02.ogg,44100,1,0.54,8.8,-18.5,-17.9,-3.4,0.0
sfx/combat/swing_heavy_03.ogg,44100,1,0.58,9.4,-18.0,-17.0,-3.6,0.0
sfx/combat/sword_draw.ogg,44100,1,0.32,6.9,-21.1,-20.0,-2.5,0.0
sfx/creatures/bear_growl.ogg,32000,1,0.77,9.4,-18.6,-15.4,-3.4,0.0
sfx/creatures/bear_roar_01.ogg,32000,1,2.33,19.6,-17.3,-15.1,-3.6,0.0
sfx/creatures/bear_roar_02.ogg,32000,1,1.90,16.3,-17.8,-14.8,-3.7,0.0
sfx/creatures/boar_grunt.ogg,32000,1,3.88,32.6,-27.9,-21.6,-3.2,1.2
sfx/creatures/boar_squeal_01.ogg,32000,1,2.98,29.2,-21.9,-18.6,-3.1,0.5
sfx/creatures/boar_squeal_02.ogg,32000,1,2.85,26.3,-25.5,-21.7,-3.2,0.5
sfx/creatures/goblin_chatter_01.ogg,32000,1,3.08,31.0,-19.6,-16.3,-3.7,0.3
sfx/creatures/goblin_chatter_02.ogg,32000,1,2.44,25.1,-20.0,-16.4,-2.8,20.0
sfx/creatures/goblin_chatter_03.ogg,32000,1,1.61,17.2,-20.0,-16.2,-3.0,0.0
sfx/creatures/goblin_death.ogg,32000,1,0.32,6.5,-17.7,-16.2,-3.6,0.0
sfx/creatures/goblin_hurt_01.ogg,32000,1,0.69,9.6,-19.1,-17.3,-3.1,0.0
sfx/creatures/goblin_hurt_02.ogg,32000,1,0.96,12.4,-20.9,-18.8,-3.5,0.0
sfx/creatures/monster_death.ogg,32000,1,1.23,7.1,-18.9,-15.6,-3.2,0.0
sfx/creatures/monster_hurt.ogg,32000,1,0.42,6.1,-22.6,-19.3,-3.4,0.0
sfx/creatures/orc_hurt_01.ogg,32000,1,0.37,6.5,-21.3,-19.8,-3.6,0.0
sfx/creatures/orc_hurt_02.ogg,32000,1,0.30,6.1,-24.8,-22.6,-3.3,0.0
sfx/creatures/orc_roar_01.ogg,32000,1,0.58,8.3,-19.8,-18.7,-3.6,0.0
sfx/creatures/orc_roar_02.ogg,32000,1,0.56,8.1,-19.4,-16.3,-3.4,0.0
sfx/creatures/orc_roar_03.ogg,32000,1,0.59,8.3,-19.4,-16.7,-3.5,0.0
sfx/creatures/spider_hiss_01.ogg,32000,1,0.23,5.5,-24.7,-24.7,-3.3,0.0
sfx/creatures/spider_hiss_02.ogg,32000,1,0.47,8.1,-29.2,-25.3,-3.9,0.0
sfx/creatures/spider_hiss_03.ogg,32000,1,0.33,6.3,-23.8,-21.3,-3.1,0.0
sfx/creatures/spider_hiss_04.ogg,32000,1,0.68,9.2,-21.1,-18.1,-6.2,0.0
sfx/creatures/wolf_bark_01.ogg,32000,1,0.48,7.2,-22.3,-19.5,-3.5,0.0
sfx/creatures/wolf_bark_02.ogg,32000,1,0.35,6.2,-20.1,-19.5,-3.3,0.0
sfx/creatures/wolf_death.ogg,32000,1,0.54,7.4,-18.4,-16.5,-3.5,0.0
sfx/creatures/wolf_growl_01.ogg,32000,1,2.79,23.4,-17.3,-14.0,-7.3,20.0
sfx/creatures/wolf_growl_02.ogg,32000,1,7.41,58.4,-18.1,-14.7,-3.3,1.8
sfx/creatures/wolf_howl_01.ogg,32000,1,2.08,20.2,-18.1,-16.0,-6.2,0.0
sfx/creatures/wolf_howl_02.ogg,32000,1,0.73,9.0,-18.8,-15.9,-4.8,0.0
sfx/creatures/wolf_hurt_01.ogg,32000,1,0.45,7.1,-23.2,-20.7,-3.7,0.0
sfx/creatures/wolf_hurt_02.ogg,32000,1,0.42,6.8,-19.8,-18.0,-3.3,0.0
sfx/creatures/wyvern_screech_01.ogg,32000,1,3.30,30.4,-20.6,-16.9,-3.2,3.0
sfx/creatures/wyvern_screech_02.ogg,32000,1,4.25,38.4,-18.0,-16.0,-3.3,2.7
sfx/creatures/wyvern_screech_03.ogg,32000,1,1.63,17.0,-16.0,-14.3,-3.7,0.0
sfx/footsteps/step_cobble_01.ogg,44100,1,0.19,5.3,-29.0,-26.8,-3.2,0.0
sfx/footsteps/step_cobble_02.ogg,44100,1,0.10,4.6,-22.7,-22.7,-4.2,0.0
sfx/footsteps/step_cobble_03.ogg,44100,1,0.25,5.7,-23.6,-21.5,-3.5,0.0
sfx/footsteps/step_cobble_04.ogg,44100,1,0.16,5.0,-26.4,-26.4,-3.0,0.0
sfx/footsteps/step_cobble_05.ogg,44100,1,0.24,5.5,-28.5,-25.9,-4.1,0.0
sfx/footsteps/step_cobble_06.ogg,44100,1,0.23,5.8,-26.0,-23.4,-3.6,0.0
sfx/footsteps/step_dirt_01.ogg,44100,1,0.23,5.6,-26.7,-26.7,-3.8,0.0
sfx/footsteps/step_dirt_02.ogg,44100,1,0.25,5.6,-27.3,-25.0,-2.8,0.0
sfx/footsteps/step_dirt_03.ogg,44100,1,0.24,5.7,-27.5,-27.5,-3.6,0.0
sfx/footsteps/step_dirt_04.ogg,44100,1,0.26,6.3,-28.9,-26.2,-3.3,0.0
sfx/footsteps/step_dirt_05.ogg,44100,1,0.28,6.4,-25.7,-25.7,-3.5,0.0
sfx/footsteps/step_dirt_06.ogg,44100,1,0.26,6.4,-27.2,-27.2,-3.4,0.0
sfx/footsteps/step_grass_01.ogg,44100,1,0.16,5.1,-27.5,-27.5,-3.4,0.0
sfx/footsteps/step_grass_02.ogg,44100,1,0.17,5.1,-25.8,-25.8,-3.7,0.0
sfx/footsteps/step_grass_03.ogg,44100,1,0.17,5.3,-26.1,-26.1,-3.6,0.0
sfx/footsteps/step_grass_04.ogg,44100,1,0.15,5.1,-28.5,-28.5,-3.3,0.0
sfx/footsteps/step_grass_05.ogg,44100,1,0.14,5.0,-28.0,-28.0,-3.2,0.0
sfx/footsteps/step_leaves_01.ogg,44100,1,0.35,7.5,-24.0,-22.9,-4.1,0.0
sfx/footsteps/step_leaves_02.ogg,44100,1,0.35,7.2,-22.2,-21.1,-5.0,0.0
sfx/footsteps/step_leaves_03.ogg,44100,1,0.35,7.2,-22.9,-21.3,-4.0,0.0
sfx/footsteps/step_leaves_04.ogg,44100,1,0.35,7.0,-22.8,-21.2,-5.7,0.0
sfx/footsteps/step_leaves_05.ogg,44100,1,0.35,7.0,-22.3,-21.2,-4.7,0.0
sfx/footsteps/step_stone_01.ogg,44100,1,0.10,4.4,-28.7,-28.7,-3.4,0.0
sfx/footsteps/step_stone_02.ogg,44100,1,0.10,4.6,-29.2,-29.2,-3.6,0.0
sfx/footsteps/step_stone_03.ogg,44100,1,0.11,4.7,-29.8,-29.8,-3.5,0.0
sfx/footsteps/step_stone_04.ogg,44100,1,0.11,4.4,-29.1,-29.1,-3.6,0.0
sfx/footsteps/step_stone_05.ogg,44100,1,0.11,4.4,-28.4,-28.4,-3.3,0.0
sfx/footsteps/step_wood_01.ogg,44100,1,0.27,4.3,-28.3,-28.3,-3.3,0.0
sfx/footsteps/step_wood_02.ogg,44100,1,0.25,4.3,-27.6,-27.6,-3.4,0.0
sfx/footsteps/step_wood_03.ogg,44100,1,0.25,4.2,-27.0,-27.0,-3.4,0.0
sfx/footsteps/step_wood_04.ogg,44100,1,0.25,4.4,-28.6,-28.6,-3.5,0.0
sfx/footsteps/step_wood_05.ogg,44100,1,0.25,4.2,-27.3,-27.3,-3.4,0.0
sfx/world/anvil_01.ogg,44100,1,1.16,13.1,-23.0,-18.0,-4.6,0.0
sfx/world/anvil_02.ogg,44100,1,1.13,12.6,-22.3,-18.0,-4.5,0.0
sfx/world/anvil_03.ogg,44100,1,1.21,13.4,-21.4,-18.0,-8.2,0.0
sfx/world/bell_tower.ogg,44100,1,4.57,38.7,-23.3,-18.0,-6.6,26.5
sfx/world/book_open.ogg,44100,1,0.15,5.3,-28.8,-28.8,-3.7,0.0
sfx/world/chop_wood.ogg,44100,1,0.23,5.6,-23.2,-23.2,-3.7,0.0
sfx/world/cloth.ogg,44100,1,0.37,6.7,-26.1,-23.3,-3.5,0.0
sfx/world/coins.ogg,44100,1,0.73,11.7,-28.2,-26.6,-2.8,0.0
sfx/world/coins_02.ogg,44100,1,0.32,7.7,-25.7,-23.6,-4.4,0.0
sfx/world/door_close.ogg,44100,1,0.57,9.5,-21.5,-18.2,-3.6,0.0
sfx/world/door_open.ogg,44100,1,0.92,12.2,-22.1,-20.8,-3.4,0.0
sfx/world/hammer_nail_01.ogg,44100,1,0.10,4.5,-30.2,-30.2,-2.9,0.0
sfx/world/hammer_nail_02.ogg,44100,1,0.09,4.4,-30.2,-30.2,-3.4,0.0
sfx/world/hammer_nail_03.ogg,44100,1,0.09,4.4,-30.3,-30.3,-2.7,0.0
ui/close.ogg,44100,1,0.31,6.9,-22.9,-19.6,-7.3,0.0
ui/coin.ogg,44100,1,0.32,7.2,-22.2,-20.4,-2.5,0.0
ui/coin_02.ogg,44100,1,0.27,6.5,-24.1,-24.1,-3.6,0.0
ui/confirm.ogg,44100,1,0.54,6.7,-21.3,-19.0,-8.2,0.0
ui/defeat.ogg,44100,1,5.97,47.7,-20.6,-16.0,-4.1,3.9
ui/error.ogg,44100,1,0.10,4.8,-23.5,-23.5,-3.3,0.0
ui/level_up.ogg,44100,1,3.58,31.4,-22.4,-18.7,-3.5,13.2
ui/menu_open.ogg,44100,1,0.37,7.4,-29.1,-26.9,-3.3,0.0
ui/open.ogg,44100,1,0.31,6.9,-20.2,-19.5,-7.8,0.0
ui/quest_accepted.ogg,44100,1,0.95,11.1,-18.0,-16.0,-6.6,0.0
ui/quest_complete.ogg,44100,1,9.31,82.4,-19.0,-16.1,-4.3,11.6
ui/select.ogg,44100,1,0.04,4.1,-28.3,-28.3,-3.4,0.0
ui/tap.ogg,44100,1,0.08,4.5,-35.2,-35.2,-4.6,0.0
ui/tap_02.ogg,44100,1,0.01,3.8,-28.2,-28.2,-3.2,0.0
