file,sec,kb,lufs_i,true_peak_dbtp,sample_peak_db
region1/ambience/amb_r1_scar_rift_loop.ogg,24.00,208,-24.0,-14.4,-14.4
region1/ambience/sfx_r1_rune_hum_loop.ogg,6.00,23,-26.0,-16.9,-16.9
region1/music/mus_r1_boss_warden.ogg,110.00,1303,-16.2,-2.9,-2.9
region1/music/mus_r1_forest_glade.ogg,100.00,1084,-16.2,-1.4,-1.4
region1/music/mus_r1_guild_town.ogg,100.00,1227,-16.1,-2.0,-2.6
region1/music/mus_r1_highwatch_keep.ogg,100.00,1212,-16.1,-3.8,-3.8
region1/music/mus_r1_night.ogg,100.00,1119,-16.2,-0.8,-0.8
region1/music/mus_r1_rift_wilds.ogg,100.00,947,-16.1,-4.6,-4.6
region1/music/mus_r1_village_day.ogg,100.00,1130,-16.2,-1.4,-1.4
region1/sfx/sfx_r1_glyph_carve_01.ogg,0.42,7,-17.4,-3.6,-3.6
region1/sfx/sfx_r1_glyph_carve_02.ogg,0.55,8,-16.0,-3.1,-3.1
region1/sfx/sfx_r1_glyph_carve_03.ogg,0.36,7,-16.5,-3.4,-3.8
region1/sfx/sfx_r1_stagborn_alert_snort_01.ogg,0.72,9,-18.5,-3.7,-3.7
region1/sfx/sfx_r1_stagborn_alert_snort_02.ogg,0.86,9,-18.9,-3.3,-3.3
region1/sfx/sfx_r1_stagborn_bellow.ogg,3.42,26,-13.7,-3.1,-3.1
region1/sfx/sfx_r1_stagborn_warden_roar.ogg,4.63,37,-16.1,-3.2,-3.2
region1/sfx/sfx_r1_ward_activate.ogg,2.04,13,-16.2,-2.7,-2.8
region1/sfx/sfx_r1_ward_break.ogg,1.66,15,-23.3,-2.8,-3.2
region1/voice/vo_r1_f_effort_01.ogg,0.32,6,-18.5,-2.8,-2.8
region1/voice/vo_r1_f_effort_02.ogg,0.35,6,-18.1,-2.7,-2.8
region1/voice/vo_r1_f_effort_03.ogg,0.37,7,-21.4,-3.5,-3.5
region1/voice/vo_r1_f_hurt_01.ogg,0.29,6,-20.6,-3.5,-3.6
region1/voice/vo_r1_f_hurt_02.ogg,0.32,6,-21.1,-2.7,-2.8
region1/voice/vo_r1_f_hurt_03.ogg,0.35,6,-19.8,-3.4,-3.4
region1/voice/vo_r1_f_jump_01.ogg,0.20,5,-22.5,-2.6,-2.7
region1/voice/vo_r1_f_jump_02.ogg,0.21,5,-19.3,-3.0,-3.1
region1/voice/vo_r1_f_relief_01.ogg,0.45,7,-17.7,-2.9,-2.9
region1/voice/vo_r1_f_relief_02.ogg,0.61,9,-16.7,-3.0,-3.1
region1/voice/vo_r1_m_effort_01.ogg,0.28,6,-21.0,-2.4,-2.4
region1/voice/vo_r1_m_effort_02.ogg,0.44,7,-21.3,-3.5,-3.5
region1/voice/vo_r1_m_effort_03.ogg,0.62,8,-17.7,-2.0,-2.1
region1/voice/vo_r1_m_greet_01.ogg,0.39,7,-21.5,-2.7,-2.8
region1/voice/vo_r1_m_hurt_01.ogg,0.48,8,-20.5,-3.2,-3.2
region1/voice/vo_r1_m_hurt_02.ogg,0.61,9,-19.4,-2.8,-2.8
region1/voice/vo_r1_m_jump_01.ogg,0.24,5,-24.2,-3.3,-3.3
region1/voice/vo_r1_m_no_01.ogg,0.57,9,-18.7,-3.0,-3.0
region1/voice/vo_r1_m_victory_01.ogg,1.10,14,-18.8,-2.8,-2.9
region1/voice/vo_r1_m_yes_01.ogg,0.58,8,-20.6,-3.5,-3.6
