keys,en,nl
BTN_CANCEL,"Cancel","Annuleren"
BTN_BACK,"Back","Terug"
BTN_RESET,"Reset to defaults","Standaard herstellen"
BTN_CREDITS,"Credits & Licences","Credits & licenties"
BTN_ACCEPT,"I agree","Ik ga akkoord"
BTN_CONTINUE,"Continue","Doorgaan"
BTN_SKIP,"Skip","Overslaan"
SETTINGS,"Settings","Instellingen"
TAB_GRAPHICS,"Graphics","Beeld"
TAB_AUDIO,"Audio","Geluid"
TAB_CONTROLS,"Controls","Besturing"
TAB_ACCESS,"Accessibility","Toegankelijkheid"
RESET_TITLE,"Reset settings?","Instellingen herstellen?"
RESET_BODY,"All options go back to their defaults. Your saves are not touched.","Alle opties gaan terug naar de standaard. Je spelvoortgang blijft staan."
OPT_AUTO,"Auto","Auto"
OPT_OFF,"Off","Uit"
Q_LOW,"Low","Laag"
Q_MEDIUM,"Medium","Gemiddeld"
Q_HIGH,"High","Hoog"
Q_ULTRA,"Ultra","Ultra"
SET_QUALITY,"Graphics quality","Beeldkwaliteit"
SET_QUALITY_HINT,"Auto picks the best for this device (now: %s)","Auto kiest de beste voor dit apparaat (nu: %s)"
SET_FPS,"Frame rate","Beeldsnelheid"
SET_FPS_HINT,"30 saves battery and heat","30 spaart accu en warmte"
SET_RENDER_SCALE,"Resolution scale","Resolutieschaal"
SET_RENDER_SCALE_HINT,"Lower is faster and cooler, higher is sharper","Lager is sneller en koeler, hoger is scherper"
SET_RENDERER,"Renderer: %s","Renderer: %s"
AUD_MASTER,"Master volume","Hoofdvolume"
AUD_MUSIC,"Music","Muziek"
AUD_SFX,"Effects","Effecten"
AUD_AMBIENCE,"Ambience","Omgevingsgeluid"
AUD_VOICE,"Voices","Stemmen"
SET_VIBRATION,"Vibration","Trillen"
SET_VIBRATION_HINT,"Feel hits and damage on phones","Voel treffers en schade op telefoons"
SET_STICK,"Joystick size","Joystickgrootte"
SET_STICK_HINT,"Size of the movement stick","Grootte van de bewegingsstick"
SET_CAMERA,"Camera speed","Camerasnelheid"
SET_CAMERA_HINT,"How fast dragging turns the view","Hoe snel slepen de camera draait"
SET_INVERT,"Invert vertical look","Verticaal omkeren"
KEYS_HINT,"Keyboard: WASD move, mouse or arrows look, Space dodge, E interact, Esc pause.","Toetsenbord: WASD lopen, muis of pijltjes kijken, spatie ontwijken, E gebruiken, Esc pauze."
SET_LANGUAGE,"Language","Taal"
SET_SUBTITLES,"Subtitles","Ondertitels"
SET_SUBTITLES_HINT,"Show spoken lines as text","Toon gesproken tekst als tekst"
SET_TEXT_SIZE,"Text size","Tekstgrootte"
SET_TEXT_SIZE_HINT,"Scales the whole interface","Schaalt de hele interface"
SIZE_S,"Small","Klein"
SIZE_M,"Normal","Normaal"
SIZE_L,"Large","Groot"
SIZE_XL,"Extra large","Extra groot"
SET_COLORBLIND,"Colour-blind assist","Kleurenblindhulp"
SET_COLORBLIND_HINT,"Shifts colours so they stay easy to tell apart","Verschuift kleuren zodat ze goed te onderscheiden blijven"
CB_PROT,"Protanopia","Protanopie"
CB_DEUT,"Deuteranopia","Deuteranopie"
CB_TRIT,"Tritanopia","Tritanopie"
MENU_CONTINUE,"Continue","Doorgaan"
MENU_NEW,"New Game","Nieuw spel"
MENU_LOAD,"Load Game","Spel laden"
MENU_SETTINGS,"Settings","Instellingen"
MENU_CREDITS,"Credits","Credits"
MENU_QUIT,"Quit","Afsluiten"
TITLE_TAGLINE,"A life in the kingdom of ash and ember","Een leven in het koninkrijk van as en gloed"
NEWGAME_TITLE,"Begin a new life?","Een nieuw leven beginnen?"
NEWGAME_BODY,"Your saves stay safe. A new life starts from the birth of a new child.","Je opslagbestanden blijven bewaard. Een nieuw leven begint bij de geboorte van een nieuw kind."
NO_SAVE,"No saved game found.","Geen opgeslagen spel gevonden."
QUIT_TITLE,"Quit the game?","Het spel afsluiten?"
QUIT_BODY,"See you in the kingdom.","Tot ziens in het koninkrijk."
PAUSE_TITLE,"Paused","Gepauzeerd"
PAUSE_RESUME,"Resume","Hervatten"
PAUSE_SAVE,"Save Game","Spel opslaan"
PAUSE_LOAD,"Load Game","Spel laden"
PAUSE_SETTINGS,"Settings","Instellingen"
PAUSE_MENU,"Main Menu","Hoofdmenu"
PAUSE_MENU_TITLE,"Return to the main menu?","Terug naar het hoofdmenu?"
PAUSE_MENU_BODY,"The game is saved first. Anything since then is kept.","Het spel wordt eerst opgeslagen."
SAVED_OK,"Game saved.","Spel opgeslagen."
SAVE_FAIL,"Could not save.","Opslaan mislukt."
LOADING,"Forging the realm...","Het rijk wordt gesmeed..."
TAP_SKIP,"Tap to skip","Tik om over te slaan"
FIRST_LANG_TITLE,"Choose your language","Kies je taal"
FIRST_LANG_BODY,"You can change this any time in Settings.","Je kunt dit altijd wijzigen bij Instellingen."
PRIVACY_TITLE,"Privacy & Terms","Privacy & voorwaarden"
PRIVACY_BODY,"Rising Ashes stores your progress only on this device. We do not collect personal data and show no ads. By continuing you accept the Terms of Use and the Privacy Policy (links will be added before release).","Rising Ashes bewaart je voortgang alleen op dit apparaat. We verzamelen geen persoonsgegevens en tonen geen advertenties. Door verder te gaan accepteer je de gebruiksvoorwaarden en het privacybeleid (links volgen voor de release)."
TUT_TITLE,"How to play","Zo speel je"
TUT_MOVE,"Left thumb: move","Linkerduim: lopen"
TUT_LOOK,"Right side: drag to look around","Rechterkant: slepen om rond te kijken"
TUT_ACT,"Buttons: attack, dodge, block, talk","Knoppen: aanvallen, ontwijken, blokkeren, praten"
TUT_PAUSE,"Top corner: pause, save and settings","Hoek rechtsboven: pauze, opslaan en instellingen"
TIP_1,"Runestones keep the wilds at bay. Stay near them at night.","Runestenen houden de wildernis op afstand. Blijf 's nachts in hun buurt."
TIP_2,"Talk to everyone. Every villager has a story to tell.","Praat met iedereen. Elke dorpeling heeft een verhaal."
TIP_3,"Your family remembers what you do. Choose carefully.","Je familie onthoudt wat je doet. Kies met zorg."
TIP_4,"The game saves automatically when you leave it.","Het spel slaat automatisch op als je het verlaat."
TIP_5,"Wounded wolves run faster than you. Do not chase them far.","Gewonde wolven rennen sneller dan jij. Achtervolg ze niet ver."
TIP_6,"Sleep in a bed to save your progress and pass the night.","Slaap in een bed om op te slaan en de nacht door te komen."
TIP_7,"Open the map to travel between the towns you have found.","Open de kaart om te reizen tussen de steden die je vond."
TIP_8,"Guards, soldiers and lords remember your rank.","Wachters, soldaten en heren onthouden je rang."
TUT_MOVE,"Drag to walk","Sleep om te lopen"
TUT_MOVE_KB,"Walk with WASD","Loop met WASD"
TUT_LOOK,"Swipe to look around","Veeg om rond te kijken"
TUT_LOOK_KB,"Move the mouse to look","Beweeg de muis om te kijken"
TUT_TALK,"Tap to talk","Tik om te praten"
TUT_TALK_KB,"Press E to talk","Druk op E om te praten"
TUT_INTERACT,"Tap to use","Tik om te gebruiken"
TUT_INTERACT_KB,"Press E to use","Druk op E om te gebruiken"
TUT_EAT,"Hungry? Tap to eat","Honger? Tik om te eten"
TUT_EAT_KB,"Hungry? Press F to eat","Honger? Druk op F om te eten"
TUT_SLEEP,"Tired? Tap the bed","Moe? Tik op het bed"
TUT_SLEEP_KB,"Tired? Press E at the bed","Moe? Druk op E bij het bed"
TUT_FIGHT,"Tap to strike","Tik om te slaan"
TUT_FIGHT_KB,"Press J to strike","Druk op J om te slaan"
TUT_BLOCK,"Hold to block","Houd vast om af te weren"
TUT_BLOCK_KB,"Hold L to block","Houd L vast om af te weren"
TUT_DODGE,"Tap to roll away","Tik om weg te rollen"
TUT_DODGE_KB,"Press Space to roll","Druk op Spatie om te rollen"
TUT_CARVE,"Trace the glyph","Trek de rune na"
TUT_CARVE_KB,"Drag to trace the glyph","Sleep om de rune na te trekken"
TUT_MAP,"Tap to open the map","Tik om de kaart te openen"
TUT_MAP_KB,"Press Tab for the map","Druk op Tab voor de kaart"
TUT_ASHSIGHT,"Hold to read the ash","Houd vast om de as te lezen"
TUT_ASHSIGHT_KB,"Hold E to read the ash","Houd E vast om de as te lezen"
TUT_SKIP,"Skip","Overslaan"
TUT_TIPS,"Tutorial tips","Uitlegtips"
TUT_TIPS_OFF,"Hide all tips","Alle tips verbergen"
TUT_REPLAY,"Show again","Opnieuw tonen"
TUT_REPLAY_ALL,"Show all tips again","Alle tips opnieuw tonen"
