renderer=mobile adapter=NVIDIA GeForce RTX 4070 Laptop GPU window=(1280, 720) tier=2
effect	gpu_avg_ms	gpu_peak_ms	delta_avg_ms	delta_peak_ms	particles_peak	meshes	draw_calls_peak_delta
fire/charge	0.397	0.478	0.005	0.086	18	2	4
fire/aura	0.442	0.756	0.019	0.333	22	1	3
fire/projectile	0.441	0.679	0.027	0.265	22	3	12
fire/beam	0.451	0.475	0.051	0.075	8	4	3
fire/impact	0.498	1.556	0.048	1.106	26	3	7
fire/aoe	0.561	0.929	0.216	0.584	58	7	10
fire/status	0.378	0.592	-0.045	0.169	21	0	3
water/charge	0.369	0.591	-0.023	0.199	10	3	4
water/aura	0.375	0.603	-0.048	0.180	18	2	4
water/projectile	0.364	0.590	-0.050	0.176	14	3	10
water/beam	0.360	0.573	-0.041	0.173	10	4	7
water/impact	0.371	0.609	-0.079	0.159	35	3	6
water/aoe	0.373	0.588	0.029	0.243	44	4	6
water/status	0.367	0.574	-0.055	0.151	14	1	3
earth/charge	0.367	0.412	-0.025	0.020	14	4	6
earth/aura	0.368	0.417	-0.054	-0.006	18	6	8
earth/projectile	0.363	0.600	-0.051	0.186	14	2	9
earth/beam	0.368	0.590	-0.032	0.190	32	9	14
earth/impact	0.370	0.609	-0.080	0.159	26	2	5
earth/aoe	0.372	0.605	0.027	0.260	40	17	20
earth/status	0.370	0.598	-0.053	0.175	4	7	8
wind/charge	0.377	0.605	-0.015	0.213	12	3	4
wind/aura	0.382	0.609	-0.041	0.186	20	2	4
wind/projectile	0.365	0.574	-0.049	0.160	20	2	10
wind/beam	0.367	0.558	-0.034	0.158	20	2	6
wind/impact	0.383	0.833	-0.067	0.383	30	3	6
wind/aoe	0.377	0.589	0.032	0.244	48	3	6
wind/status	0.373	0.582	-0.050	0.159	8	2	3
lightning/charge	0.398	0.606	0.006	0.214	8	6	7
lightning/aura	0.373	0.582	-0.050	0.159	10	5	6
lightning/projectile	0.385	0.592	-0.029	0.178	12	8	31
lightning/beam	0.368	0.591	-0.033	0.191	10	6	5
lightning/impact	0.389	0.825	-0.061	0.375	18	21	22
lightning/aoe	0.411	0.831	0.066	0.486	34	8	10
lightning/status	0.368	0.580	-0.055	0.157	8	3	4
ice/charge	0.371	0.584	-0.020	0.192	10	8	9
ice/aura	0.377	0.587	-0.046	0.164	20	7	9
ice/projectile	0.383	0.616	-0.031	0.202	16	5	18
ice/beam	0.362	0.585	-0.039	0.185	12	4	13
ice/impact	0.412	0.832	-0.039	0.382	30	8	11
ice/aoe	0.410	0.815	0.065	0.470	36	19	22
ice/status	0.374	0.581	-0.049	0.158	11	8	10
light/charge	0.401	0.629	0.010	0.237	10	3	4
light/aura	0.373	0.590	-0.050	0.167	12	3	4
light/projectile	0.391	0.605	-0.023	0.191	12	4	9
light/beam	0.368	0.578	-0.033	0.178	12	4	7
light/impact	0.401	0.804	-0.049	0.354	16	3	4
light/aoe	0.462	1.418	0.118	1.073	40	6	7
light/status	0.369	0.580	-0.054	0.157	8	2	3
dark/charge	0.378	0.606	-0.014	0.214	14	2	4
dark/aura	0.382	0.593	-0.041	0.170	20	2	4
dark/projectile	0.366	0.603	-0.048	0.189	18	3	11
dark/beam	0.365	0.576	-0.035	0.176	10	4	3
dark/impact	0.370	0.618	-0.080	0.168	22	4	6
dark/aoe	0.376	0.607	0.032	0.262	40	10	12
dark/status	0.376	0.551	-0.047	0.128	13	2	4
generic/slash_sword	0.368	0.593	-0.001	0.224	10	2	3
generic/slash_fist	0.369	0.593	0.000	0.224	8	2	3
generic/hit_sparks	0.385	0.605	0.016	0.236	22	2	4
generic/dash	0.374	0.615	0.012	0.253	20	6	24
generic/level_up	0.435	0.852	0.084	0.501	54	5	7
