001	Meshy_AI_A_fantasy_Medieval_To_1004153110_texture.glb	2001KB
002	Meshy_AI_A_fantasy_Medieval_To_1004153116_texture.glb	2155KB
003	Meshy_AI_A_heroic_medieval_fan_1004153217_texture.glb	8169KB
004	Meshy_AI_A_medieval_man_1004151956_texture.glb	18304KB
005	Meshy_AI_A_row_of_medieval_hal_1004153113_texture.glb	62833KB
006	Meshy_AI_A_small_realistic_coz_1004153050_texture.glb	2231KB
007	Meshy_AI_A_small_realistic_coz_1004153054_texture.glb	2011KB
008	Meshy_AI_Aqua_Elemental_1004152726_texture.glb	39847KB
009	Meshy_AI_Campfire_Cooking_Scen_1004153510_texture.glb	106482KB
010	Meshy_AI_Character_Ser_Duncan_1004154030_texture.glb	48943KB
011	Meshy_AI_Earth_Elemental_1004152713_texture.glb	87868KB
012	Meshy_AI_Elemental_Brick_Eggs_1004152918_generate.glb	34996KB
013	Meshy_AI_Elemental_Champions_1004152911_generate.glb	32123KB
014	Meshy_AI_Elemental_Circle_1004152804_texture.glb	51143KB
015	Meshy_AI_Elemental_Eggs_1004152659_texture.glb	3915KB
016	Meshy_AI_Elemental_Elixirs_1004152810_texture.glb	25817KB
017	Meshy_AI_Elemental_Harmony_1004152845_texture.glb	11333KB
018	Meshy_AI_Elemental_Nexus_1004152750_texture.glb	17571KB
019	Meshy_AI_Elemental_Orb_Hero_1004152900_texture.glb	33800KB
020	Meshy_AI_Elemental_Runes_1004152814_texture.glb	5252KB
021	Meshy_AI_Elemental_Sage_1004152733_texture.glb	53334KB
022	Meshy_AI_Elemental_Sigils_1004152758_texture.glb	14306KB
023	Meshy_AI_Elemental_Sorcerer_1004152856_texture.glb	42209KB
024	Meshy_AI_Elemental_Storm_1004152746_texture.glb	35017KB
025	Meshy_AI_Elements_Emblem_emb_1004152705_texture.glb	2006KB
026	Meshy_AI_Fire_Elemental_1004152715_texture.glb	91846KB
027	Meshy_AI_Generate_a_high_quali_1004153459_texture.glb	12092KB
028	Meshy_AI_Market_Stall_with_Rug_1004153520_texture.glb	7545KB
029	Meshy_AI_Medieval_Archer_1004152211_generate.glb	8473KB
030	Meshy_AI_Medieval_Arena_1004152058_texture.glb	42311KB
031	Meshy_AI_Medieval_Armorer_1004152507_texture.glb	8590KB
032	Meshy_AI_Medieval_Armory_1004152248_texture.glb	122159KB
033	Meshy_AI_Medieval_Assassin_1004152456_texture.glb	2431KB
034	Meshy_AI_Medieval_Assassin_1004152459_texture.glb	2462KB
035	Meshy_AI_Medieval_Assassin_1004152504_texture.glb	2246KB
036	Meshy_AI_Medieval_Attire_1004152327_texture.glb	2211KB
037	Meshy_AI_Medieval_Attire_1004152330_texture.glb	2465KB
038	Meshy_AI_Medieval_Buildings_1004153136_texture.glb	74658KB
039	Meshy_AI_Medieval_Coin_1004152009_texture.glb	23969KB
040	Meshy_AI_Medieval_Coin_1004152011_texture.glb	7421KB
041	Meshy_AI_Medieval_Cottage_1003175236_texture.glb	67775KB
042	Meshy_AI_Medieval_Cottage_1004152428_texture.glb	47784KB
043	Meshy_AI_Medieval_Cottage_1004152436_texture.glb	38802KB
044	Meshy_AI_Medieval_Cottage_1004152446_texture.glb	1827KB
045	Meshy_AI_Medieval_Duo_1004151912_texture (1).glb	24380KB
046	Meshy_AI_Medieval_Duo_1004151912_texture.glb	24380KB
047	Meshy_AI_Medieval_Fortress_1004152603_texture.glb	141984KB
048	Meshy_AI_Medieval_Garb_1004152027_texture (1).glb	28887KB
049	Meshy_AI_Medieval_Garb_1004152027_texture.glb	28887KB
050	Meshy_AI_Medieval_Gate_1004014924_texture.glb	5493KB
051	Meshy_AI_Medieval_Guard_1003211032_texture.glb	21379KB
052	Meshy_AI_Medieval_Guard_1003211046_texture.glb	4744KB
053	Meshy_AI_Medieval_Guard_1004152054_texture.glb	25119KB
054	Meshy_AI_Medieval_Guard_1004152104_texture.glb	25246KB
055	Meshy_AI_Medieval_Guards_1004152254_texture.glb	5807KB
056	Meshy_AI_Medieval_Keg_1004154044_texture.glb	10178KB
057	Meshy_AI_Medieval_Knight_1003211115_texture.glb	3170KB
058	Meshy_AI_Medieval_MMO_female_k_1004153220_texture.glb	30286KB
059	Meshy_AI_Medieval_Maiden_1003211010_texture.glb	52885KB
060	Meshy_AI_Medieval_Maiden_1004152136_texture.glb	7534KB
061	Meshy_AI_Medieval_Maiden_1004152159_texture.glb	19487KB
062	Meshy_AI_Medieval_Mercenary_1004152403_generate.glb	52835KB
063	Meshy_AI_Medieval_Ranger_1003211131_texture.glb	2365KB
064	Meshy_AI_Medieval_Sentinel_1004152550_texture.glb	19357KB
065	Meshy_AI_Medieval_Shield_1004152407_texture.glb	9993KB
066	Meshy_AI_Medieval_Soldier_1004152351_texture.glb	21441KB
067	Meshy_AI_Medieval_Table_1004152127_texture.glb	1404KB
068	Meshy_AI_Medieval_Tavern_1004152245_texture.glb	13179KB
069	Meshy_AI_Medieval_Tower_1004152148_texture.glb	1261KB
070	Meshy_AI_Medieval_Village_1004151833_texture.glb	42178KB
071	Meshy_AI_Medieval_Village_Scen_1004151847_texture.glb	27253KB
072	Meshy_AI_Medieval_Village_Stre_1004151855_texture.glb	92666KB
073	Meshy_AI_Medieval_Villager_1003210450_texture.glb	26181KB
074	Meshy_AI_Medieval_Wagon_1004152205_texture.glb	7583KB
075	Meshy_AI_Medieval_Warrior_1003194934_texture.glb	51086KB
076	Meshy_AI_Medieval_Warrior_1004152426_texture.glb	36422KB
077	Meshy_AI_Medieval_Warrior_1004152453_texture.glb	14547KB
078	Meshy_AI_Medieval_Warrior_1004152519_texture.glb	4457KB
079	Meshy_AI_Medieval_Warrior_1004152527_texture.glb	1540KB
080	Meshy_AI_Medieval_Warrior_1004152533_texture.glb	1716KB
081	Meshy_AI_Medieval_city_1004154053_texture.glb	266833KB
082	Meshy_AI_Medieval_house_1004152107_texture.glb	2284KB
083	Meshy_AI_Medieval_house_1004152220_texture.glb	9782KB
084	Meshy_AI_Medieval_table_1004152130_texture.glb	7990KB
085	Meshy_AI_Medieval_trader_1004152314_texture.glb	14241KB
086	Meshy_AI_Medieval_tycoon_1004152240_texture.glb	71092KB
087	Meshy_AI_Pantheon_of_Titans_1004153428_texture.glb	88676KB
088	Meshy_AI_Red_Chinese_Pagoda_1004153805_texture.glb	295143KB
089	Meshy_AI_Rustic_Lantern_Bench_1003163958_texture (1).glb	6792KB
090	Meshy_AI_Rustic_Lantern_Bench_1003163958_texture.glb	6792KB
091	Meshy_AI_Sailing_Vessel_Elegan_1004153620_texture.glb	31735KB
092	Meshy_AI_Stack_of_firewood_spe_1004153036_texture.glb	6658KB
093	Meshy_AI_Stylized_3D_game_char_1004161717_texture.glb	30019KB
094	Meshy_AI_The_Drunken_Dragon_1004153457_texture.glb	102803KB
095	Meshy_AI_Ultra_Realistic_Styl_1004153046_texture.glb	2176KB
096	Meshy_AI_Warrior_s_Blades_1004153551_texture.glb	25704KB
097	Meshy_AI_Water_Elemental_1004152749_texture.glb	68245KB
098	Meshy_AI__1004153518_texture.glb	15653KB
099	Meshy_AI__1004153529_texture.glb	15937KB
100	Meshy_AI__Create_a_massive_hi_1004154032_texture.glb	61087KB
101	Meshy_AI_desert_wagon_with_lan_1004153515_texture.glb	7561KB
102	Meshy_AI_horse_1004041210_texture.glb	33841KB
103	Meshy_AI_medieval_Hobo_1004152020_texture.glb	7638KB
104	Meshy_AI_medieval_chest_1004152155_texture.glb	1847KB
105	Meshy_AI_medieval_fantasy_tave_1004153206_texture.glb	63046KB
106	Meshy_AI_medieval_fantasy_tave_1004153209_texture.glb	62155KB
107	Meshy_AI_medieval_house_1004153638_texture.glb	70145KB
108	Meshy_AI_medieval_house_1004153639_texture.glb	69919KB
109	Meshy_AI_medieval_knight_1004152321_texture.glb	8171KB
110	Meshy_AI_medieval_soldier_1004152357_texture.glb	8141KB
111	Meshy_AI_medieval_tent_shop_1004153630_texture.glb	74026KB
112	Meshy_AI_medieval_tent_shop_1004153633_texture.glb	132172KB
113	Meshy_AI_ultra_detailed_fantas_1003160909_texture.glb	2239KB
114	Meshy_AI_ultra_detailed_fantas_1003162958_texture.glb	2041KB
115	Meshy_AI_ultra_detailed_isomet_1004153542_texture.glb	1984KB
116	Meshy_AI_wooden_pier_1004153640_texture.glb	23235KB
117	Meshy_AI_wooden_pier_1004153646_texture.glb	17914KB
118	Meshy_AI_wooden_pier_1004153647_texture.glb	25277KB
119	Meshy_AI_“Create_a_stylized__1004154026_texture.glb	9559KB
120	Medieval_Guardian_biped.glb	3958KB
121	Medieval_Knight_biped_dup.glb	4014KB
122	Medieval_Peasant_biped.glb	6752KB
123	Medieval_Villager_T_P_biped.glb	6322KB
124	Medieval_merchant_biped.glb	4284KB
125	_medieval_age_biped.glb	4814KB
126	_medieval_age_biped_dup.glb	4814KB
127	a_villager_medieval_biped.glb	4538KB
128	medieval_knight_biped.glb	16812KB
129	medieval_milayd_biped.glb	5714KB
130	medieval_soldier_stan_biped.glb	16248KB
