name	budget	meshy_task_id	credits
guild	hero	01a0e17a-cdf6-755a-9607-af885addbcb7	30
inn	hero	01a0e183-1060-7394-a930-ec838e7f3c6e	30
blacksmith	hero	01a0e183-1d1d-73c5-b8a8-105bd275f570	30
healer	hero	01a0e183-2a38-74f8-8390-ba75ea230b1c	30
house_peasant_a	house	01a0e19b-2f3f-75b6-9188-c60641cbbf8d	36
house_peasant_b	house	01a0e19b-3c45-74b5-a3d7-8ad99d96f512	36
house_family	house	01a0e19b-4d04-7574-b1ed-0304d52cc98d	36
house_trader	house	01a0e19b-5b79-77c1-9100-b601e5c02363	36
house_manor	hero	01a0e19b-6c5f-7661-8847-5d9b6dfdaedf	36
stall_produce	prop	01a0e19b-78a4-75f2-8f68-785afc9011a3	36
stall_cloth	prop	01a0e19b-82fc-72b9-9798-8dfeecf553d7	36
creature_wolf	creature	01a0e19b-8fb6-7515-b739-f8c8cdf5d497	36
creature_boar	creature	01a0e19b-9ce5-71aa-802f-8808e6b7b098	36
creature_bear	creature	01a0e19b-a94a-7122-9da6-8a4a284d5c32	36
creature_spider	creature	01a0e19c-c20c-71fa-8867-cf19c197e731	36
creature_wyvern	creature	01a0e19d-159c-7215-9fbf-663122ee50e3	36
creature_goblin	creature	01a0e1a2-3660-7344-81c3-cdcda2bd08ac	36
creature_orc	creature	01a0e1a2-4b03-742a-bbff-e2a59c81460a	36
creature_troll	creature	01a0e1a2-5ecc-74bb-982d-664f0de83da2	36
creature_goblin_rig	rigged	01a0e1a6-ad89-768c-a361-d4dea5897a9c	10
creature_orc_rig	rigged	01a0e1a6-bc7d-7144-a5af-069f3b63f42e	10
creature_troll_rig	rigged	01a0e1a6-cb96-773f-852a-a205b68015b8	10
goblin_anim_idle(0)	anim	01a0e1aa-74ea-704d-9f7e-b0fa816b597b	3
goblin_anim_attack(219)	anim	01a0e1aa-b443-752a-bd27-4bd441c3dda0	3
goblin_anim_hit(178)	anim	01a0e1aa-b6db-73e6-a8c7-fe6b70b9dc7a	3
goblin_anim_death(189)	anim	01a0e1aa-b8cc-7025-9467-d70664c85687	3
orc_anim_idle(0)	anim	01a0e1aa-bab9-70ef-887c-2fc62d67745e	3
orc_anim_attack(237)	anim	01a0e1aa-bd08-734a-aadf-6871a39df7bf	3
orc_anim_hit(178)	anim	01a0e1aa-beb1-7189-bbb0-8c017cdfd758	3
orc_anim_death(189)	anim	01a0e1aa-c08c-76bb-9e5c-637d46230542	3
troll_anim_idle(0)	anim	01a0e1aa-c263-74bd-902d-40cccbdcfcb2	3
troll_anim_attack(128)	anim	01a0e1aa-c46c-721b-bb97-10002afb7a4f	3
troll_anim_hit(178)	anim	01a0e1aa-c5d8-702c-8abc-456fe91f9db5	3
troll_anim_death(189)	anim	01a0e1aa-e050-744c-a029-80e386d1d0a3	3
troll_anim_slam(127)	anim	01a0e1aa-e1b7-739d-b773-2d501bd9524c	3
